id,create_date,product_id,content,trip_start_date,user_name
141,2021-06-23 16:27:37,180309602,总的来说还是很不错的，导游人也挺好的，不会强行购物。,2016-05-14,a***9
142,2021-06-23 16:27:39,2231027734,帮家里老人报的团，老人们十分满意。导游欢欢非常尽责，也不会强制自费项目和强制购物。,2016-05-14,a***9
150,2021-06-23 16:27:56,1010618456,玩的很愉快,2016-05-14,c***9
259,2021-06-23 17:05:17,2127104418,导游杨导人很好，也是品质可以的团，住的地方很干净，比起其他旅游团确实多不错的，满意非常开心～ ,2016-05-14,e***2
260,2021-06-23 17:05:19,3707919908,第一次跟团出去就玩的这么开心，很满意,2016-05-14,c***9
261,2021-06-23 17:05:41,2770153335,时间特别好,2016-05-14,c***9
397,2021-06-24 08:51:19,4219314304,总体来说还是很划算的。全程3天最后一天还是全程购物，虽然没有强制买卖，但是导游脸色和对游客的关心程度还是会和消费程度挂钩。不过也能理解，毕竟团费真的很便宜。反正玩的时候大家还是玩的很开心滴。,2016-05-16,s***1
258,2021-06-23 17:05:15,2127104418,非常美好的一次旅游，真的很棒~~,2016-05-18,f***9
402,2021-06-24 08:51:29,4219314304,住宿很一般，吃的东西完全不想多评价，不过也能理解，本来对那些地方的吃的也没报太大希望，但是两个景点确实非常不错，都特别美，值得去看看，有一个购物店，导游态度也很好，没有购物也没有给我们摆脸色，总之还是不错的,2016-05-18,p***0
399,2021-06-24 08:51:23,4219314304,九寨沟真的很美，随手一拍就是电脑桌面，大草原也不错，全程都很舒心，也没有强制消费，没有一点被坑的感觉，棒棒哒，跟团确实比自由行便宜，也方便，不用排队买票，导游也不错,2016-05-19,p***0
403,2021-06-24 08:51:31,4219314304,餐食一般，还好自备了零食，简直不要太机智，住宿还行，导游很不错，高反有点但不严重，能克服，红景天很贵，建议去之前在药店买，草原那个有推荐骑马，胆小没去，送的两个晚会也可以看下，反正是送的，,2016-05-19,n***4
147,2021-06-23 16:27:49,1010618456,非常好，非常超值，行程安排很好，住的很不错很舒服。吃的也还OK，郑导游很负责，值得推荐,2016-05-20,f***9
148,2021-06-23 16:27:51,2231027734,很棒！导游很棒！司机很棒！吃的很棒！住的很棒！超值！,2016-05-20,f***9
149,2021-06-23 16:27:54,180309602,很好的一次旅游，导游也很好 ,2016-05-20,f***9
255,2021-06-23 17:05:08,2770153335,整个行程安排非常人性化，酒店必须点赞，全程没有任何强制消费，导游周导很认真负责，总是不厌其烦的提醒大家扣好安全带等等，价格也很实惠，总之非常满意！,2016-05-20,f***9
257,2021-06-23 17:05:12,3707919908,行程很满意。价格很划算，导游很负责任，酒店太棒了。物有所值， ,2016-05-20,f***9
398,2021-06-24 08:51:21,4219314304,导游非常好，一路都在细心解说，非常用心。 我们去的那天刚好遇到**量特别多的一天，不过还好九寨管理规范检票乘车，在进沟之后**分散，比想象中好很多。而且这个季节的九寨确实美丽依旧。 大草原也很美，就是现在还没多少花。 有一个购物店，虽然是自愿消费不强制的，由于导游用心，团内很多人都比较照顾，还是买了很多东西。我和朋友也买了很多梳子和银饰等。 餐食确实不好，所幸给我们安排的住宿还不错。 第二天晚上自愿消费的晚会一般（不是九寨千古情），不多说。,2016-05-20,n***6
400,2021-06-24 08:51:25,4219314304,重点说下导游，表扬一下，很热情，一路上给我们唱藏歌，还提醒我们哪些东西千万不要买，他自己买了零食放在车前面，还没到目的地就被我们几个吃完了，一路上非常的耐心，大大的好评，其他的都还好，团餐也没有想象中那么遭，若尔盖很适合拍文艺范照片，哈哈，这么低的价格真的很划算,2016-05-20,n***6
262,2021-06-23 17:05:43,2127104418,天时地利人和，一次非常不错的旅行，经济实惠，又省心,2016-05-21,l***5
401,2021-06-24 08:51:27,4219314304,本次旅行非常满意，第一次游九寨沟加大草原，导游也很尽责，人很nice，最主要的是没有强制消费，出行前最怕这个了，毕竟团费这么低，很划算,2016-05-21,k***9
392,2021-06-24 08:50:48,4219314304,导游太差劲,2016-05-25,m***1
389,2021-06-24 08:50:42,4219314304,一路上很辛苦也很开心，不过因为吹了冷风，凉到胃，第一天晚上吐惨了T_T。。。这个季节感觉不是最好，枯水，草原也没几根青色的草。。不过能看到不同季节的景色也不错，下次秋天去～伙食在藏区实在不敢恭维，牧场的伙食却出奇的棒～自己带了点吃的，也在小超市买了些零食，小日子滋润着呢～下次再跟我家乖乖一起出来玩，店家给点优待呗，住宿条件蛮不错的，有民族特色，就是在草原上没有空调跟电热毯，冷死本宝宝(→o←),2016-05-27,p***0
146,2021-06-23 16:27:47,180309602,整趟给一个大大的赞，已经推荐给朋友了。导游是彭亚玲，经验非常丰富，一路上坐车的时间长，导游时不时给我们讲解介绍，风趣幽默，收获很多。司机大叔话不多但是开车开得非常稳,2016-05-28,s***9
391,2021-06-24 08:50:46,4219314304,我们这个团队意见很统一，相处很融洽，一路上导游讲历史典故，讲亲身经历，讲解使旅途更精彩，故事让大家多遐想，到行程结束，大家已经称呼称兄道弟了。一路相随，当然司机师傅也很辛苦，很负责。,2016-05-29,n***4
143,2021-06-23 16:27:41,1010618456,非常好的一次旅行，住的酒店非常好，又干净又上档次，这么便宜的价钱，行程安排也合适，不累，导游寒月很敬业，很好！性价比很高，真替旅行社担心怎么能赚钱。。,2016-05-31,s***9
144,2021-06-23 16:27:43,2231027734,很满意的一次行程，导游尽职尽责，一路上很贴心，没有任何推销和强制消费，有一说一！很实诚的，准备下次给家人报一个，希望还能遇到这么好的导游！,2016-05-31,s***9
145,2021-06-23 16:27:45,180309602,中青旅安排还是依旧满意的。杨导非常尽责，住宿酒店还算不错的啦~,2016-05-31,s***9
256,2021-06-23 17:05:10,2770153335,很不错的旅行。没有强制性的消费，导游沈导很不错，给我们细心的讲解。给大家讲当地的民俗风情。语言问候。等等，一次开心的旅程，以前不相信有这么好的团。实际现在的旅游团真的很好。服务好。无强制消费。希望以后这样的团在多一些。,2016-05-31,s***9
133,2021-06-23 16:26:59,2231027734,这是我第一次去重庆，被重庆这魔都是深深的吸引了，不愧是山城，山清水秀。,2016-06-01,x***1
134,2021-06-23 16:27:02,1010618456,旅行不累但有趣，去旅行之后回到成都吃了一顿地道的四川火锅，欣赏了一下成都夜景。,2016-06-01,x***1
246,2021-06-23 17:04:27,3707919908,这次旅游还是蛮满意的！而且导游待人很亲切！讲话直爽！各方面都考虑的很周全！待人真诚！方方面面都为我们考虑！,2016-06-01,x***1
247,2021-06-23 17:04:30,2770153335,虽然只有一天的行程，但是安排得非常合适，玩得也很高兴，不虚此行。,2016-06-01,x***1
393,2021-06-24 08:50:50,4219314304,草原虽然花和草不多但是依然美丽，九寨沟很漂亮，还想再去一次,2016-06-01,f***7
394,2021-06-24 08:51:12,4219314304,超级差的旅行社，报了团还要再交一百，导游更差，第一天就让我们去什么平价超市购物，其实在九寨沟那边价格都一样，还给我们推荐什么一百八草原火锅，我们车上的人都不去她就没把我们带到草原那个景点，在中途一个特别荒凉的地方就让我们下车说这就是草原，后来我们团的人和她理论她们态度还特别差，最后一天更气愤，全部是带我们去购物点，不买东西导游还生气，最气愤的是一个什么南红翡翠店，全是骗局大家千万小心。反正是一次特别差的旅行。大家千万不要报这个团,2016-06-01,王***美
395,2021-06-24 08:51:15,4219314304,真的很棒，导游是当地导游，人很实在也很贴心，关心团里成员，司机师傅也很好。住的条件真是很好，爱上了宾馆的菜，全程团里带的餐都很好很丰盛。这个钱真是值了，学生证还退了一百块钱，很棒！！！强烈推荐！,2016-06-01,c***3
396,2021-06-24 08:51:17,4219314304,"此次九寨之行出乎意料之外，导游****很贴心,考虑到家里有小盆友特地照顾我们，司机师傅特别辛苦但是很棒会跟我们聊天讲笑话。九寨沟非常漂亮，而且当天的天气很好 蓝天白云，青山绿水，风景如画，黄龙的话个人还是比较中意的虽然海拔高一点但是高处更能看到美景啊，虽然整个行程蛮考验体力的，但还是值得去看看！   ",2016-06-01,c***3
135,2021-06-23 16:27:04,180309602,还是第一次在网上订购旅游项目了。特别完美的旅行。性价比非常的高。服务态度很好。很满意的一次旅游。,2016-06-02,w***8
136,2021-06-23 16:27:06,2231027734,整体安排很好，路线也很合理，家人朋友都很满意。服务也很好，都能及时跟进。,2016-06-02,w***8
137,2021-06-23 16:27:08,1010618456,以前旅游都是自由行，这次时间匆忙没有时间整理行程，在网上报名参加，总体感觉很不错，时间不紧凑，也没有强制购物,2016-06-02,w***8
248,2021-06-23 17:04:32,2770153335,"好美啊,这里风景独特,让人不仅心旷神怡,,五星品质.导游服务态度好，讲解到位..没有任何强迫购物.",2016-06-02,w***8
249,2021-06-23 17:04:34,3707919908,**都拍不下了，美丽的风景，玩的很开心，团上收费都非常合理，没有强制购物，很不错的团。,2016-06-02,w***8
250,2021-06-23 17:04:36,2127104418,不错的旅行社，值得信赖，值得给朋友推荐的一个卖家，客服很好，这次四川旅游都是在网上订的，但是沿途非常愉快，中间尽管也会出现点问题，但解决起来很快，四川的卖家是负责任的卖家，谢谢啦，下次还会选择这家。,2016-06-02,w***8
251,2021-06-23 17:05:00,2127104418,景点游览时间足够。旅游大巴舒适度一般。但蒋师傅及小鲜导游都是为人直爽认真负责的好人,2016-06-02,h***2
388,2021-06-24 08:50:40,4219314304,九寨沟非常漂亮，草原也不错，这次旅行很开心，餐饮和住宿都还比较满意，没有强制购物，性价比高,2016-06-02,e***2
390,2021-06-24 08:50:44,4219314304,旅途非常愉快，九寨沟特别美，环境好，草原也不错，最主要的是导游非常热情，据说马上就要进入旺季了，价格还是比较便宜划算的，但是导游一点都没有坑我们，整个行程非常轻松，好评！,2016-06-02,g***3
139,2021-06-23 16:27:12,1010618456,这是我最满意的一次旅游，导游服务热情，百问百答。酒店服务也很不错，环境很好，卫生很不错，时间自由，玩得开心。,2016-06-04,r***4
140,2021-06-23 16:27:14,2231027734,导游魏野很负责，很热情。,2016-06-04,r***4
252,2021-06-23 17:05:02,2770153335,很满意的一次旅游，整个行程安排的很紧凑，住的酒店很满意，带我玩转了四川的所有美丽的景色,2016-06-04,r***4
253,2021-06-23 17:05:04,3707919908,此次之行最满意的是我们的导游魏导，服务非常赞,2016-06-04,r***4
254,2021-06-23 17:05:06,2127104418,的地方挺不錯，導遊人也好，服務周到，不懂的都可以幫忙解決,2016-06-05,n***7
387,2021-06-24 08:50:37,4219314304,这次旅游整体还是非常不错的。早上有大巴车过去接然后去景区。整车的人都比较年轻化。交谈都比较有话题。氛围很融洽。司机的技术非常好，很安心。导游人也特别的好相处，为人活泼，实在。每个季节都有每个季节的风景，很不错，很满意,2016-06-07,n***1
138,2021-06-23 16:27:10,180309602,此次全家老小一同出行，出发前我甚为担心，但证明是多余的，因为选对了旅行社，又遇上了好导游——孙哲。孙导真是极好的导游，细致周到，又言语带笑，亲和力强。司机师傅的开车技术超好的，非常平稳。客服很有耐心，不厌其烦地解疑答惑。不多说了，5分好评。,2016-06-08,r***4
384,2021-06-24 08:50:31,4219314304,出发前一天司机打电话确定了接我们的地点，要求我们三点四十等着他接，结果到了车子**的地方我们又冒着雨干等了一个多小时。龙导讲解的还是很好的，因为当过兵吧，很有一股直爽气，很干练。出发前已经做好了被推销购物的准备了，但是第一天在车上导游一直挨个劝让我们消费骑马和藏式火锅的时候还是有点儿不开心，带点儿半威胁吧，说我们的消费情况和他的服务质量挂钩，但是体验还是挺不错的。第三天说是看羌寨啊藏寨啊其实都是购物点，藏银和羌绣。因为全是90后大部分是学生，购物很少，但导游算好的了，至少没开骂。九寨沟是真的很漂亮，就是一会儿一个天气，雨伞外套什么的都要准备好，短袖加外套就行，沟内很大，我们一天的时间都还有点赶，出发前导游说了哪些景点这个时候可以看，哪些没必要去，所以还是挺好的。餐食嘛，还好，但自己还是有必要带点榨菜什么的。住宿是标间，挺好的，就是没有洗漱用品，需要自带。,2016-06-09,v***0
376,2021-06-24 08:49:54,4219314304,第一次参加国旅的团，预订的工作人员态度超好。我没有抱团经验，一直问她们，一直耐心的给我解释。从开始到整个行程结束我都觉得很满意，所以好评必须给你们。,2016-06-10,l***5
385,2021-06-24 08:50:33,4219314304,预订服务挺好的，导游总体来说还是不错的，减肥餐也是一种体验，互相理解，挺经济实惠性价比高的一次出游，好评！,2016-06-15,g***2
386,2021-06-24 08:50:35,4219314304,大家看清楚，镰刀坝不等于若尔盖，导游好，行程少，性价高，不要跑。,2016-06-15,g***2
130,2021-06-23 16:26:33,180309602,导游很能说，非常不错。行程紧凑，吃住一般般。车上时间比较长，收拾好心情，变坐车边望望窗外，在和导游吹吹，倒是也不觉得累。,2016-06-20,x***8
131,2021-06-23 16:26:55,1010618456,一次很好的旅游，愉快，购物也不强制，旅游购物还是小贵哦,2016-06-20,x***8
132,2021-06-23 16:26:57,2231027734,这是我们的毕业旅行 来到了很美的地方 导游服务态度很好也没有强制消费 爬了两天山最后一天体验藏族文化 就是有点累,2016-06-20,x***8
243,2021-06-23 17:04:21,2770153335,这次旅行比较满意，价格便宜但服务却没打折！吃的不是很差，住宿就超赞了！大巴司机刘司傅车技过硬，导游花花待人非常热情，并没有因客人未购物不高兴，一跑上对所有人尽心尽力的照顾！为这种好导游点大大的32个赞是个值得信赖的旅游网站！,2016-06-20,x***8
244,2021-06-23 17:04:23,3707919908,愉快的一次旅游，花花导游很棒！一路上也很照顾大家，没有强制我们消费,2016-06-20,x***8
245,2021-06-23 17:04:25,2127104418,导游阿朵给了我很深的印象，甜美悦耳的声线，动听的歌声，能说会道，真的给我第一次跟团游留下了很深的印象。安排妥当，哈哈帮我们升级了酒店,2016-06-20,x***8
129,2021-06-23 16:26:31,1010618456,导游何燕姐姐很负责任，我们的团是散客拼团 里面有很多老人，导游很尽责的告诉我们各样注意事项，很好,2016-06-23,y***8
240,2021-06-23 17:03:54,3707919908,两个人真的比较便宜 吴姐（导游）提前一天就给我们打了电话 定了地方见面 还包接送 特别贴心 有学生证还可以免费两个景点的优惠特别棒 去的路上师傅开车特别的稳 我平时有点晕车那几天都没有不舒服 一路上大家都有说有笑 特别有爱 学生嘛 出去就喜欢这种感觉 吃的也比较好住的也满意 ,2016-06-23,y***8
241,2021-06-23 17:04:17,2127104418,行程是旅游团安排的，有些紧凑，但是不算累，玩的时间够充足，用车什么的都很方便。,2016-06-23,y***8
242,2021-06-23 17:04:19,2770153335,第一次跟团旅游，很欣慰这是一次难忘的旅行。感谢杨导，感谢司机大哥，感谢同行的22位成员，感谢中青旅。,2016-06-23,y***8
383,2021-06-24 08:50:09,4219314304,那个导游就是一个傻B，我们不下车去购物点，还指着我们凶我们。,2016-06-23,w***4
366,2021-06-24 08:49:13,4219314304,我婆婆妈妈特意嘱咐我说让我给大大的好评，婆婆和公公还有大姨大姨夫，一行四老人，都非常满意，无论是玩的吃的喝的住的都觉得物美价廉，也没有强制消费，说是导游特别好，会说话懂幽默，一个人带这么多人还能顾及到每一个人，多谢他。而且同行的人都没有在这家网店订的便宜，真心好！,2016-06-30,y***3
367,2021-06-24 08:49:15,4219314304,一路下来，感觉跟团游真的很不错，比自驾游省很多，而且通过导游的讲解，可以了解很多当地的风土人情和历史故事！一路上住宿都是当地最好的，吃的也好，最主要的是，没有强制消费……九寨沟的风景一年四季不同景，真的很漂亮，景区内管理规范，消费合理，大赞(≧▽≦)/,2016-06-30,c***2
368,2021-06-24 08:49:17,4219314304,这个团总体还是很不错的，住的不错，符合要求！让我对跟团游发生改观，但是说好的睡到九点半**并没有呢，还是七点多就**了，团餐也还行，虽然没有强制性购物但是最后一天时间全在购物点了，不过也不要紧，毕竟行程之中的安排！,2016-06-30,c***2
370,2021-06-24 08:49:21,4219314304,价格便宜，服务质量好。,2016-06-30,z***6
371,2021-06-24 08:49:23,4219314304,玩得非常愉快,2016-06-30,z***5
372,2021-06-24 08:49:25,4219314304,很不错，导游很热情，讲解也很幽默，九寨沟的景色真的是太好了，不去真的会遗憾的，唯一美中不足的就是吃的团餐很差，总体来说这次的体验还是不错的。,2016-06-30,k***4
373,2021-06-24 08:49:28,4219314304,客服很细心，告诉我们去九寨沟要带的必需品，导游服务也很到位，进了购物店的但是也没有强制消费，九寨沟的景色确实很美，值得一看，不过餐确实是不好吃，不过事先客服已经告知过了，我们自己准备了一些零食。总体来说行程安排还是很满意的！,2016-06-30,k***4
374,2021-06-24 08:49:50,4219314304,要不是导游和其它工作人员态度好，我就投诉那个接车的师傅了。太度一点都不好，说了接我们的时间就把电话挂了。哎，算了。毕竟这三天都是导游陪着我们，一路上导游态度都超好。对我们特别照顾，虽然有推荐消费，但是都没有强制消费,2016-06-30,l***5
375,2021-06-24 08:49:52,4219314304,导游很好，玩得很开心。没有任何强制消费。,2016-06-30,s***0
377,2021-06-24 08:49:56,4219314304,除了90后加了钱不满意，其他的都还是非常满意。不过算下来也差不多，比自己去划算。学生证还有优惠，虽然加了钱，算下来也差不多。其他旅行社都不收我们全是90后，这一家让我圆了去九寨沟的梦。还是很感谢,2016-06-30,d***4
378,2021-06-24 08:49:58,4219314304,朋友介绍来的，虽然吃的不是住的不是很好。但是可以理解，毕竟团费这么便宜划算。还有可能那边,2016-06-30,s***0
380,2021-06-24 08:50:03,4219314304,性价比很高，对比了很多家。最后还是选择了这家，第一天和第二天都是纯景区游玩，第三天虽然去了购物店，但是导游都是让我们自愿选择消费。这一点我真的很满意，以前朋友去的时候说遇到导游强制消费。感觉自己这次超幸运，一路都很开心,2016-06-30,m***2
381,2021-06-24 08:50:05,4219314304,吃得不是很好，那边的吃的真的不要报太大希望。但是风景很美，开物超所值。下次还会再来,2016-06-30,m***2
382,2021-06-24 08:50:07,4219314304,这次玩得很开心，导游人超好，一路上给我们讲解那边的风土人情，感觉特别有趣，自己去好玩，一个团边周边玩，还认识了好多朋友。开心,2016-06-30,w***4
379,2021-06-24 08:50:01,4219314304,"我们是8号家庭！导游青青！司机肯定老司机，哈哈。车技很棒，而且很幽默！必须要给一个大大的赞，一路上欢声笑语，而且服务超级周到。全程没有强制消费，我们自己买了一些好吃的，很棒！九寨沟，不虚此行！下一次带父母来！",2016-07-04,不***根
369,2021-06-24 08:49:19,4219314304,很好，下次来成都还来玩,2016-07-12,z***6
126,2021-06-23 16:26:24,180309602,玩得非常愉快,2016-07-14,t***0
239,2021-06-23 17:03:52,2127104418,总的来说这个旅游团还可以，旅游车，住宿，酒店餐还都可以，景区也很满意，不愧是是五A景区，都很干净，景色很美,2016-07-14,t***0
128,2021-06-23 16:26:28,2231027734,很累，但是很漂亮，游玩内容很丰富，吃住都很不错，导游也很认真负责,2016-07-15,t***0
127,2021-06-23 16:26:26,180309602,"很好很赞的一次旅途，整体感觉四川的旅游都很享受。导游的素质也很高。
对四川和陕西导游的印象都特别好，然后云南和北京的导游素质都差。",2016-07-16,t***0
124,2021-06-23 16:26:20,2231027734,导游很和善，不会说强制消费，随意，人也不错，爽快，行程比较紧，不过合适，餐饮很好吃，并不是之前网上看到的饭很难吃，唯一就是有点点硬而已，在宾馆的饭菜相当可口清爽，服务也超级好，师傅开车很稳当，运气很好，没有堵车而且阳光明媚，这个价格太值得，我和弟弟一直觉得太划算都不好意思了,2016-07-20,b***8
365,2021-06-24 08:49:11,4219314304,"我是22出发的8号家庭,虽然一个人，在导游宇哥的带领下玩的很开心，宇哥很幽默风趣，对我们很好，一路上给我们讲解了很多藏羌文化，一路上的景色很美，九寨沟风景更没话说，住宿吃的方面蛮好的，没有强制消费，真的非常值，推荐大家有机会一定要来。",2016-07-22,v***9
364,2021-06-24 08:49:09,4219314304,这次旅程非常愉快，导游希希姐非常热情的讲解，九寨沟风景真的很美，冬天再来看一次,2016-07-25,i***3
125,2021-06-23 16:26:22,180309602,好！赞赞赞～,2016-07-26,i***0
238,2021-06-23 17:03:50,2127104418,风景超级美，就冲这个也就值了~,2016-07-26,i***0
362,2021-06-24 08:48:44,4219314304,行程安排妥当，就是最后一天购物时间太长了，住宿环境一般，吃的太差啦……,2016-07-28,张***惜
363,2021-06-24 08:48:46,4219314304,没有强制消费，玩的也很好，导游也很好不甩脾气有耐心，总之都很好，便宜又实惠！,2016-07-28,1***a
360,2021-06-24 08:48:40,4219314304,导游小雷服务大家非常满意。。。。。,2016-07-29,w***4
361,2021-06-24 08:48:42,4219314304,还不错的一次旅行，整个行程还是比较轻松愉快，导游很负责，还每人赠送了一张纪念照片。,2016-07-31,x***7
237,2021-06-23 17:03:48,2770153335,一次十分愉快的旅行，不光游览了美景而且增加了见识。小蒋导游，不但服务热情周到而且知识渊博，对待游客像对待自己的亲人一样。中间无任何二次收费现象，司机师傅，技术好。总体非常满意，可以说物美价廉！,2016-08-02,z***8
359,2021-06-24 08:48:38,4219314304,首先，这是一个既不正规与负责的旅游团，出发前一晚10点半才收到出发信息，并次日说好的6点半出发，却在7点派来了一辆违规的小巴，被警察抓了个正着！晚上11点才到九寨，吃的全是萝卜白菜，项目送了一个藏族晚会，却被导游忽悠交钱去看更好的，说什么理解他，帮助他，他的工作是不收一分钱的.在回来的途中，被带到各种地方买各种东西，浪费时间，不买就不搭理你了。反正这个导游和旅游团说的最多的就是相互理解，却不知道理解顾客，反正这是一次最坑的旅游了，不如自己去。,2016-08-02,l***1
123,2021-06-23 16:26:18,180309602,导游服务热情，吃饭住宿都很满意，行程安排合理，有机会还会来的。,2016-08-03,z***8
357,2021-06-24 08:48:34,4219314304,这个团除了便宜，其他真心不推荐。第一天司机居然就走错路，本来该八点半到达熊猫乐园的，结果九点半才到。大约11点出发往汶川走，刚上车导游就一个劲的强调这个是散客拼团，是低价团，公司是赔本的，是购物团，要消费。本来赠送的晚会不会去，让大家每人交200看其他晚会。不交钱的后续服务就不保证。。。天啊，居然敢这样说话，真是够了。结果时间不够，没去羌寨，直接去的薰衣草，到薰衣草的时候都七点了，天气已晚还怎么拍照。第一天本来司机迟到了，还强制去了两三个休息点，其实也是配合的购物地方。第二天全天在景区没有赠送晚会，晚餐特差。第三天，去了四个购物点，必须下车，导游又开始强调这个是低价团，每人要消费1000公司才不会亏本，我带着小孩，小孩在睡觉，不想下车，也不行，必须强行下车，下车后小孩一直哭，司机也没让我们在车上休息。我们只有坐在路边等，一个购物点至少要一个半小时。。。体验太差了。导游说话经常威胁人的语气。。。,2016-08-04,w***4
358,2021-06-24 08:48:36,4219314304,导游很负责，人很好，三天行程有点累，坐车时间长,2016-08-04,j***3
356,2021-06-24 08:48:32,4219314304,导游人非常好，对我们非常热情！行程安排的很满！总得来说还是很不错的！,2016-08-11,a***0
354,2021-06-24 08:48:28,4219314304,不好。住宿差。卫生条件差   说好的准四星呢。餐饮差。早餐就是白粥小馒头。回程的时候全是购物点。 还有自费项目。到了景区自己转。导游都不带进去。,2016-08-15,l***2
349,2021-06-24 08:47:57,4219314304,总评勉强给个中评纯属讲良心，几个景点的风景倒是都很不错，尤其是九寨沟非常值得推荐，但是这次团里大多人主要对导游及服务很不满意。现将大多人一致的看法理性客观总结如下：1.随意减少景点、更改计划行程。这次减少了“松潘古城”景点没停留，没有“藏式土火锅”，把计划中第一天的进藏家改到第二天，把第二天的看晚会改到第一天，并大打折扣。2.忽悠收费升级。第一天途中就不经同意略带强迫直接人均收费150元说是升级吃藏家 看晚会，在遭遇部分人坚决**后，导游、司机都不高兴，此后服务大打折扣，没有好脸色，纯属勉强应付，全程除了必要的提醒就一路无话，没啥景区、人文等解说，到了景点都是我们自己各自进景点，也无人带路解说，导游在外面等候，感觉像半自助游而非跟团游，有团友称遭遇自己史上最差导游服务，司机开车也不再如最初小心翼翼，不顾急刹、弯道高速引起晕车，此后不到时间不提前开车门、停车休息不到出发时间不开空调（这些情况原本是导游收费之前描述别的司机的，来凸显我们车司机技术好服务好）。3.实际行程没有计划的安排合理 周到。我们3天来每天都是5点多起床6点左右出发，知道22点多才到目的地，入睡时已接近零点了，每天严重睡眠不足。熊猫基地停留不到1小时 不够步行转完景点好好看熊猫，薰衣草庄园停留不到20分勉强够拍照时间，但是紧接着就让我们在附近黑帐篷看晚会，我们去时已开演半天了，这个原本网页计划第二天看的，结果第二天不说清楚，说是17点半**看晚会，结果只让另交钱的人看，其余人一直等到19点多才去进藏家。4.把一个团人分成两拨搞不同待遇。自行收费150元后，第二天九寨沟自行游玩后，交费人又看一次晚会，其余人只能干等，进藏家家访时又分为不同地方，不交费人很多团的人都挤在一个房间，仅2碟泡菜一盘烤羊肉，都吃不成，烤肉甚至都没熟嚼不烂，青稞酒油茶都难以下咽，没有所谓土火锅，没人跳舞只有两个人唱了三首歌就忙着招呼交费的人，交费的人上的好酒菜不说，还有姑娘一直唱歌跳舞陪着吃了好久，我们其余人都陪着在外面干等，我们倒不奢望好吃的，但都想了解风土人情体验当地文化，但是没人跳舞没人谅解，只是推销歌碟和卖照片。唉！算了，其余还有很多不满写不完也懒得吐槽了…,2016-08-17,g***6
353,2021-06-24 08:48:05,4219314304,报团前两天我就打电话核实过的，【娱乐】：赠送自费项目：藏羌风情晚会、走进藏家家访及土火锅。第一天送土火锅，第二天17：00出景区后前往欣赏藏羌风情晚会，可是在路上导游就开始让我们每个人交150元说是升级才有土火锅跟藏羌风情晚会，少部分人交钱后晚上参加了藏羌风情晚会，然后就一直让我们在外面等他们看完，看完后进臧家外面又被分到不同的房间，就一盘萝卜丝，一盘小馒头，一份手抓牛肉，基本没有什么吃的，其实吃都无所谓了，最让人不理解的是外面这么多没有交钱的人全部在外面等他们看完藏羌风情晚会，吃差一点我们都无所谓但是不应该连藏羌风情晚会也不让我们看吧？毕竟去九寨沟的人都想看看当地的藏羌风情晚会吧？真的不知道你们这样坑团有什么意思？我还先打电话问好了才报的团，这样有意思吗？,2016-08-17,k***9
355,2021-06-24 08:48:30,4219314304,获得不少见识和风景，很美，住宿很好,2016-08-17,p***5
352,2021-06-24 08:48:03,4219314304,导游和司机都很好，各个项目安排紧凑，住宿很好，有热水，空调，电视，吃的一般，地方区别，口味不好,2016-08-20,Z***哈
122,2021-06-23 16:26:15,180309602,导游服务很好 很细心 讲解详细 服务热情 旅途中有困难找她都很热心的帮我们解决了 一路上对我们大家也是照顾周到 ，每次用餐都会问我们菜够吗 吃的还习惯吗 不错的导游,2016-08-22,z***7
236,2021-06-23 17:03:46,3707919908,特别满意的一次旅行，性价比蛮高的了，出发前比较了很多家，最终选了这家，证明我的选择没有错 ，导游的态度特别好 ，对少数民俗文化也了解渗透，整个行程中出来景色美之外就是咱们导游的服务给我留下了非常深刻的印象，知识渊博 太崇拜我们导游了,2016-08-22,z***7
119,2021-06-23 16:25:45,180309602,整个行程很紧凑，导游也不错，唯一不好的就是餐饮8太差了，3天下来每顿菜都是一样的，还难吃。九寨沟风景真的很美，值得一去哦！总的说来是一次不错的出行！,2016-08-23,k***2
351,2021-06-24 08:48:01,4219314304,玩得非常愉快,2016-08-23,h***y
120,2021-06-23 16:25:49,2231027734,行程安排紧凑也不累，有**张导带团各方面都很周到，讲解恰到好处给本次出游增添不少乐趣和知识，让我们了解了很多藏族羌族的知识。国内外游也好多次了，这次特别满意。,2016-08-25,y***0
121,2021-06-23 16:25:52,180309602,司机师傅与导游**的服务十分满意。车行平稳可靠，准时守时。导游风趣开朗，服务热情。虽然餐饮相对简陋，但考虑到高原的特殊情况，也还能接受。希望以后能有更新更完美的行程路线享受。,2016-08-25,y***0
350,2021-06-24 08:47:59,4219314304,玩得非常愉快,2016-08-25,b***4
348,2021-06-24 08:47:55,4219314304,景美价廉，藏家拉姆和多吉非常热情，玩的非常开心，下次还想来。,2016-08-29,k***8
116,2021-06-23 16:25:39,180309602,非常满意，行程安排的很合理，导游服务态度非常好。,2016-09-01,d***0
117,2021-06-23 16:25:41,2231027734,非常非常好，导游服务也很好，服务周到,2016-09-01,d***0
118,2021-06-23 16:25:43,1010618456,景区的景色，管理，服务绝对ok管理很规范，导游车，很多，不会等太久，服务人员也很多,2016-09-01,d***0
233,2021-06-23 17:03:11,3707919908,总的来说不错 风景很美很美 ,2016-09-01,d***0
234,2021-06-23 17:03:13,2127104418,很不错的一次旅行，值得拥有！,2016-09-01,d***0
235,2021-06-23 17:03:15,2770153335,很不错，唯一的遗憾是去的时候在下雨。,2016-09-01,d***0
344,2021-06-24 08:47:24,4219314304,嗯，强哥人很好。,2016-09-11,n***3
347,2021-06-24 08:47:53,4219314304,导游说藏家土火锅特难吃，导游自己都不吃，没去。看晚会需要交200块钱一个人，行程中安排的晚会建议不看，导游形容起来免费的晚会就是个坑。不交钱，脸直接拉下来，还说耍个锤子耍。不交钱就是不尊重他，直接喊我们下车退钱，跟团600块钱根本就不够门票，住宿，车费。但旅行社做不出来就不要做，也不要承诺。差评！第三天购物，乳胶店，药店，特产店完全理解。,2016-09-11,k***1
346,2021-06-24 08:47:50,4219314304,要预定的一定要看清楚条款，要加钱的，还有强制交钱走进藏家东西又不好吃，最后一天全部是购物强制要求购物，跟团食物就不用说了,2016-09-12,m***4
345,2021-06-24 08:47:48,4219314304,玩得非常愉快,2016-09-15,x***3
336,2021-06-24 08:47:07,4219314304,超级次 不要再参加去哪儿网的各种团 朋友参加的途牛网 非常好 上当了 以后都不会在去哪网报团了,2016-09-17,l***9
343,2021-06-24 08:47:22,4219314304,行程安排妥当！导游服务态度也不错、就吃与不住没法来形容它！简直不是人吃的菜！,2016-09-19,l***4
342,2021-06-24 08:47:20,4219314304,玩得非常愉快,2016-09-20,姚***沧
340,2021-06-24 08:47:16,4219314304,总体感觉还行，就是累！阿朵也还负责！唯一感觉不好就是吃的不太好！住宿一般！司机开车技术很好！不过，九寨黄龙的风景也抵消这些不好的地方了！下次去换个季节再去！,2016-09-22,k***7
334,2021-06-24 08:46:41,4219314304,时间安排欠妥，早上太早晚上太晚。,2016-09-23,q***户
341,2021-06-24 08:47:18,4219314304,马导游服务很负责任，也没有强制购物，去哪儿网预订很便宜,2016-09-23,d***4
339,2021-06-24 08:47:14,4219314304,总结一下，景很美，旅途很累。并非明码标价，定了后才被告知88年后的需要补交100，网站上并没有注明这一点，算是一坑；上车后，导游循循诱导，告诉你升级原本赠送的晚餐和晚会，又要每人补交150，算是二坑；第三天全是购物，一共四处，在丝绸那一家，没人买，导游显得很不爽，告诫下一处特产，大家要带东西，他会在门口守着看单子，言语中不明说的强迫购物的意思；吃的东西我就不说了，能把菜弄的那么难吃也是种本事；在我看来，不是明码标价的就是强盗欺骗，网页上说的那么好，实际并非如此，大家以后还是尽量定纯玩团，或选自驾吧，跟团行程太赶，各种不自由……,2016-09-24,d***2
338,2021-06-24 08:47:12,4219314304,首先景色非常美，導演籠偉非常負責，熱情又耐心，很愉快的一次旅行(●°u°●)​ 」,2016-09-25,q***g
330,2021-06-24 08:46:32,4219314304,玩得非常愉快,2016-09-29,调***苏
332,2021-06-24 08:46:36,4219314304,九寨沟黄龙三日游总体来说是一次很成功的旅游。由于我们是学生党，预定之前货比n家，最后还是选择了国旅，旅途中，除了餐饮住宿有待提高，其它的都挺好的，尤其我们的导游曾哥，大不了我们几岁，一直特别热情与耐心，时不时散发着幽默，一路上没有出现任何强制性消费，这点很让人一车人欣慰，原本担忧的事情消失了，曾导也并没有说我们没有消费而给冷脸看，这一点，值得我们大家去赞扬。一个好的行程与好的导游是人们愉快出行的必要，总之国旅还是棒棒哒，很开心我们只赶了半高峰，人也不是很多，景也观的很美，一车厢的90后相处的也都特别和谐，舒服。不错，无憾的一次出游。,2016-09-29,s***3
337,2021-06-24 08:47:09,4219314304,玩得非常愉快,2016-09-29,q***4
335,2021-06-24 08:47:05,4219314304,玩得非常愉快,2016-09-30,l***3
331,2021-06-24 08:46:34,4219314304,风景是一级棒的，一定要来一次九寨，黄龙觉得去不去都无所谓，还有就是提醒大家一件事，上黄龙之前会有人来宣传买氧水，说上了黄龙海拔很高可能会出现高原反应，真的不用买，一百块钱一带，坑死人，又难喝，其实只要是一般的朋友上去都没有什么问题，还有一项是自费的藏家晚会说什么有很多吃的一个人150，其实根本没什么好玩，篝火是假的，吃的也没多少，表演就是几个人唱歌歌跳个舞，没有必要去，餐饮超级差，最好自备好吃的东西，晚上很冷，被好大外套，最后一天会有很多购物点虽然不是强买，克制好自己，最后的最后，不要在国庆黄金州来了，除了人还是人。,2016-10-02,楚***梦
333,2021-06-24 08:46:39,4219314304,太累了 每天都五点起床 但谁让赶上十一黄金周呢 住宿条件不好 吃得也不好 最后一天本来能很早回成都 结果很一站消费都走走停停 很浪费时间 到市区都已经晚上十一点多了 很累 但好在逛景点的时间很充足 不是很赶 而且导游人很好 司机开车水平也很好 所以总体还算不错 感恩~,2016-10-02,x***2
329,2021-06-24 08:46:28,4219314304,玩得非常愉快,2016-10-03,c***1
326,2021-06-24 08:46:02,4219314304,玩得非常愉快,2016-10-05,m***6
328,2021-06-24 08:46:26,4219314304,建议自驾游！跟团不行，花钱买罪受！,2016-10-05,爱***师
327,2021-06-24 08:46:24,4219314304,美丽的九寨沟处处是美景，可惜住宿太差，,2016-10-06,x***1
319,2021-06-24 08:45:47,4219314304,景色是不错的。但是有额外收费，可以坚持到底不参加，但如果没参加，导游绝对会冷落你，甚至你没上车都不管你。这样的忽悠团我是再也不想跟了。这个年轻带胡子的导游对年轻的女孩子动手动脚，出来一趟不想麻烦，不然我们会**。,2016-10-13,j***6
324,2021-06-24 08:45:57,4219314304,预定的时候看简介存在隐形消费情况，九零后都要多加100元，隐形消费二导游说加150元吃自助土火锅，其实大可不必，随手一搜美团同样的唱功跳舞土火锅自助才六十多块钱在附近，导游就是让大家同情他就说没工资就拿点提成，买东西的时候就守到你，还好没强买导游也算OK整体来说，旅程是愉快的。 另外师傅开车真的是很稳安全送到，三天行程辛苦了。   旅行社真的要诚实点别等人下单才叫人家补钱，坑,2016-10-13,h***y
325,2021-06-24 08:45:59,4219314304,非常差。第一，强迫消费，不消费就说各种难听的话。第二，改变合同，强行让客人拆开住3人间。第三，说好的无购物但是购物5次。第四，吃的住的都很差。很怀疑全好评哪来的，去哪儿网该好好管管了,2016-10-20,a***1
323,2021-06-24 08:45:55,4219314304,行程安排非常紧凑，毕竟只有三天，起早贪黑的，小卓玛导游人很好，服务到位，住宿就相对差一些，酒店餐饮就不敢恭维了，不过也可以理解，高原地区寸土寸金，开车师傅技术没得说，在山路上游刃有余，总之非常棒的一次旅游，秋天最美的九寨值得大家去看看,2016-10-22,唯***
321,2021-06-24 08:45:51,4219314304,总体来说还是不错的，被九寨沟美到了，黄龙感觉一般。,2016-10-27,y***1
322,2021-06-24 08:45:53,4219314304,这次总的还是可以的。特别是我们的林导非常负责任，非常不错。这3天在他的带领下玩的还是不错的。唯一的不足就是团餐真的非常差，而且人数不足10人就没得吃，住宿是我住的这么多酒店最差的。真的是一分钱一分货。没有空调，没有吹风机，水只是温的，不是特别热。,2016-10-27,l***6
320,2021-06-24 08:45:49,4219314304,这次成都之旅玩得挺开心的、最好我们是第一批下车的、远远望去车上好多叔叔阿姨的眼神里都流露出不舍、想说离别又没有那么熟、最后只有挥手道别咯……我想这瞬间我会一直都记得、大概这就是旅行的意义！,2016-11-04,u***9
318,2021-06-24 08:45:45,4219314304,各位向往九寨黄龙的朋友们，看到附图的那刻美景都成狗屁了吧！我这辈子第一次带年迈父母出来旅游，难道涂你们旅行团扔的猪食吗！！！自从**二台曝光九寨黄龙当地旅游乱象，当地旅游商集体提价，从500多提到近1000！在我报团前自以为这一涨价应该属于回归合理定价，应该不用被逼购物或者变相购物。事实证明九寨黄龙短线团已无良心可言！从成都出发，对于三天行程紧凑早起赶路，我们已有心理准备，但所提供的餐标只能用猪食来形容，网站宣传的准四星酒店或同档次酒店都是狗屁！彻底击破了我对旅行团服务的认识底线，大巴车就把40几个人拉到离沟口半个小时车程外的村子里，住的是本地自建楼，旅馆连名字都没有！没有前台没有保洁没有看门的保安，洗澡水小的跟猴子撒尿一样都没人能找！结果我们一行都没有洗澡！九寨黄龙在1984年就开始开发，我就不相信旅游业基础会如此的差！或许就是这里的人已经贪得无厌到了极致！美丽的九寨竟然会养育这样一帮没道德没良知的贪婪团伙。再说回所谓的导游服务，导游也直说了，因为导游没有赚我们一分钱，整个线路的购物点已经全部停掉，怕被客户投诉。言下意思就是导游也没什么好介绍的，因为以前的介绍口径都是围绕购物点，**家访等赚钱项目，现在不能做了也没啥说了。没错，导游全程真没啥话说，我走过很多藏区，见过很多藏族朋友，从没见过如此不热情的**，把藏族的脸都丢光了。我就说简单几个事，车上绝大多数人没上过高原，行程第一天就是黄龙，所有人早上4点起床汇合从成都400多海拔噌上黄龙3500，作为导游是必须有义务去把游玩黄龙的注意事项说清楚，结果一车人大部分出现高反，在去九寨路上都吐了好几个！其实我知道他们肯定会高反，因为都是饿着肚子，快步上山下山的过程。我有高原经验，所以随身带有充足的能量棒，但最后都不够分给人去补充能量。请问早上9点吃的那点东西能撑一天吗！？车上有妈妈带个小孩做后面，几次求助导游都是冷言回应或者不耐烦的甩几句，报团前我们已经知道60岁以上或者学生有优惠门票，网站上明明写着由导游亲自退回现金，但是没有退！！！我们回到家再找导游退钱还是一推再推！截止发评论，我们都没有收到门票优惠的退款，且已保留聊天记录和通话记录，我们会在适当时候追究法律责任的。以上经历仅供想参团的朋友参考。,2016-11-13,l***n
317,2021-06-24 08:45:43,4219314304,行程安排非常好  高导非常热情贴心 玩的很开心 九寨沟非常美 藏家土火锅肉吃不停 体验藏家风情每人150也是很划算 ,2017-02-02,陈***美
316,2021-06-24 08:45:20,4219314304,九寨沟真的很美 现在是淡季 团的也比较便宜了  住的比想的好多了  陈导人很好 至少是我迄今为止遇到最好的导游 最后一餐给大家加了餐 《鸭子肉》 三天的旅途陪伴着我们31团  旅行安排的也很合理 第一天送了大家当地苹果吃 三天来没有加一分钱  有一些特产地方还是自己自掏腰包 自愿购买的 四川旅游比云南旅游更正规化 没有来过的朋友可以考虑 我们是货比了几家旅行社订的下来  长途跋涉 司机师傅技术很是精湛  重要的事情说三遍 没有强制消费 没有强制消费 没有强制消费！大家不用担心的  我们也很担心让我们消费什么  可是真的没有  本来想买的 就是囊中羞涩 以后有机会吧 有的时候就是这样  游客不是傻子会感恩当地导游 四川和云南团 玩的都是少数民族 都是有一定消费的地方去  对待完全不一样  可能是云南真的路费贵吧  但是我还是喜欢四川给我的感觉 云南就是那种不想再去的旅游地方 而四川是我一年都想来一次，途中有团友被一家超市坑上了  还是陈导去解决的 相信谁碰上我们陈导都会很感激这样的导游 自由 敬业 幽默 陈导加油,2017-02-06,佩***普
315,2021-06-24 08:45:18,4219314304,何导带大家玩的很开心，比想象中的更好，景色也美丽,2017-02-07,v***9
314,2021-06-24 08:45:14,4219314304,给父亲报的团！我们是2月11日出发6号家庭，导游小王及司机师傅很给力。司机大哥提前一天晚上给我们打的电话安排乘大巴事宜，然后短信告知，第二天早上提前半小时还帮忙叫起床，真的很细心！ 导游小王一路上辛苦为大家安排各种讲解，可以看得出来知识面很渊博，做事情也很细心！十分感谢去哪网可以提供这么好的团队，下次自己去一定还报这个团！,2017-02-11,撒***哇
312,2021-06-24 08:45:06,4219314304,"导游确实没有要**物，一路上灌输银饰作用奇大，到了羌寨讲解也有声有色，说银饰999.9纯度，可交费后没有**，说给寄来，也没有任何消息，也没有任何权威证书，只有一张片子，看看网上反映，知道没有可信度，还是不要*了……

     您好，我是一名普通百姓，参加了旅行社的九寨草原四日游，虽然旅途辛苦，一路美景确实让人心醉。
回程时导游把我们带到茂县中国古羌城，然后又把所有游客交给古羌城的一个导购阿妹，阿妹给我们介绍古羌城是地震后**修建，刚对游客*放不久，花儿纳吉银饰是**保护品牌，银饰工艺获得国家什么什么奖项，所有银饰含量999，不但做工精细，还能刮痧、吸出体内毒素祛风除湿、能净化水质、银子煮水喝不得结石、银碗能保鲜杀菌存放牛奶一周也不会坏等等；听导购阿妹把银子功效说的这么神奇，又是**保护品牌，故我毫不迟疑花了1998元*了一只银碗一个银勺。 

     回家后，咨询工商、食药监督管理部门相关人员，他们说这些银饰没有合格证及成分检测数据，保健作用没有专业机构认定，不宜用来煮水喝及做为进食餐具，以免出现不良后果；后我亲自用银碗与普通瓷碗来保存牛奶比较，银碗的牛奶变质更快！
 
     本着对导游和当地民族的信任购*消费，却受到了欺骗。拨打*后热线请求退货退款遭到强烈拒绝！请求**领导，帮帮我们这些普通百姓**，退款退货。为了不让更多人受骗，希望**的父母官禁止景区购物点对商品进行虚假宣传保健功能的行为，能完善一个景点购物退货换货机制！让国人都能旅途愉快、购物放心、让四川美景美德声名远播！

     我们全家人在这给王书记鞠躬了！给**父母官致以深深的感激之情！

来源：**网《地方领导留言板》
[官方回复]回复单位：茂县旅游市场综合执法局 2016-08-17 18:03
网友：
    您好！您反映的问题，经茂县旅游市场综合执法局协调，已退货退款。
    非常感谢您对四川省和阿坝州旅游业的关心和支持，我们将责成有关部门加大对旅游购物市场的监管力度。如对处理意见有异议,请您直接向茂县旅游市场综合执法局（电话：0837-7420312）或阿坝州旅游投诉直通车（http://www.abzta.gov.cn/abqzzzzlytsztc/）投诉。",2017-02-14,f***去
313,2021-06-24 08:45:08,4219314304,玩得非常愉快,2017-02-16,b***1
311,2021-06-24 08:45:04,4219314304,冲锋衣很实用要带。一次性雨衣鞋套也可以带。要带干粮，去九寨沟中午是不提供午餐的。,2017-04-13,z***h
310,2021-06-24 08:45:02,683161885,出去玩参加过很多次团了，光九寨沟这已经第二次，不得不说，这个价格是我参加的最好的团，首先住宿没得说，在九寨沟那种环境下洲际天堂已经提供了最好的环境，里面还设置了很多游乐项目及温泉等。吃方面简直是比上次来提高了8个等级，上次可能吃的是猪食，这次的伙食非常满意，以及导游，导游的专业性不用说，从头到尾的详细介绍和周全的安排，去每个地方都没有时间感觉紧，安排时间玩的很轻松和自己去差不多，又不用操心。购物是有的，但是导游完全不强制，还推荐物美价廉的，不让我们买最贵的说效果一样。以及这个团中碰见的团友们也很棒，是一次非常好的体验。,2017-05-07,西***酱
309,2021-06-24 08:44:39,683161885,第一次报团旅游，总体感觉还不错空气清新还看到了雪花坐车有点累住的地方环境挺好的特别是洲际酒店的房间特别好王勇导游服务挺好来的季节不对很多风景都没看到……,2017-05-15,o***0
308,2021-06-24 08:44:37,1719456371,小巴导游超级好！旅途特别愉快！bengxiakalaka,2017-05-24,x***7
306,2021-06-24 08:44:33,683161885,走过古丝绸之路，吃过羌藏美食，看过美丽的“海子”，感受过高原反应，完满了！,2017-05-30,h***7
307,2021-06-24 08:44:35,1719456371,三天游玩行程安排很紧凑，景点很美，导游很热情贴心，讲解很详细，司机开车稳当，住的也还可以，新乡最深的是在藏家体验藏家生活，藏家人热情好客，烤全羊酥油茶青稞酒应有尽有，一次不错的旅行～,2017-05-30,l***0
305,2021-06-24 08:44:31,1719456371,藏王传奇好哦，大家报名哦，意想不到的惊喜,2017-06-04,l***4
304,2021-06-24 08:44:29,1719456371,这次九寨沟黄龙之旅非常棒，无论是吃住行都是棒棒哒，同样康康导游也是人美心善。我给五星好评强烈推荐,2017-06-05,s***9
302,2021-06-24 08:44:25,1719456371,这个行程不错、吃的很特色丰富，只是我吃不太习惯，入住的藏王行宫也很有特色，就是行程比较紧凑，回去得好好休整一下，导游卓玛特别直爽，讲解服务都很贴心，五星好评。,2017-06-06,j***1
303,2021-06-24 08:44:27,1719456371,黄龙五彩池，真的挺好看的，晚上的藏式火锅是我吃过的团餐最好吃的，住的酒店床也很好，九寨沟的水真是美不胜收，晚上导游推荐的千古情表演很值得，演出效果很好。司机师傅也很辛苦，给个好评,2017-06-06,v***0
301,2021-06-24 08:44:23,683161885,这是我参加过的最好旅行团，吃住玩都很完美，导游很有才华，参观美景并收获了知识和感动。谢谢！,2017-06-07,w***j
299,2021-06-24 08:43:58,866245936,我们是12号出行，11号家庭客人，导游黄婷讲解细致，司机师傅开车技术娴熟，安全平稳，景色优美，餐饮住宿非常满意，下次有机会再来报团,2017-06-12,六***醒
300,2021-06-24 08:44:20,866245936,玩得非常愉快,2017-06-12,风***5
298,2021-06-24 08:43:56,866245936,总体还是很不错的，网上团购的价格低，但性价比高。导游也特别实诚热情，一路上都在操心。这次上若尔盖，高反严重，还好有王导和随行的伙伴们照顾。特别提醒要去的身体不怎么好的朋友，一定要预防高反，多带衣服，真的太冷了。,2017-06-13,b***9
297,2021-06-24 08:43:54,683161885,团餐比较满意，很合胃口，导游服务很周到，包接送，住的宾馆环境很好，九寨沟和黄龙的景色确实很美，四天的旅途很开心,2017-06-16,w***r
296,2021-06-24 08:43:52,1719456371,三天的行程比较累，但是比较开心的。由于茂县的原因，走的是东线，所以在车上时间很长。不过导游杨秀很热情，服务很周到。司机熊师傅开车也很平稳。九寨沟风景的确很美，不过到后来就视觉审美疲劳了。难忘的是藏家烤全羊。。。。,2017-06-26,e***4
218,2021-06-23 16:52:15,629371833,碰到过最走心的旅行团，不管是客服还是司机师傅还是一起玩儿的小伙伴。一路上其实很担忧随着海拔升高会有高反症状，司机师傅了我们很大的帮助和鼓励，团队中一有人不适都会互相药品支持~这个时候真心觉得人与人之间其实没这么复杂，你如何真诚待人，别人就如何真诚待你。,2017-06-30,j***u
293,2021-06-24 08:43:46,866245936,真的超级超级超级值，之前在飞猪上看的都很贵，去哪儿上这个很便宜，而且风景很美，导游很好，吃的住的都特别棒，强烈推荐,2017-07-07,i***5
295,2021-06-24 08:43:50,866245936,这个价格值了不错吃得不错，住的也好。,2017-07-07,i***2
294,2021-06-24 08:43:48,1719456371,带着满满的期待，走上了九寨沟之旅，第一天的黄龙景区多多少少还存在些遗憾，因为下雨了，全程只顾低头赶路，然后匆匆看一眼五彩池，但是第二天的九寨沟却是美的让我惊讶，那天我词穷了，一路上都是“哇，好漂亮！哇，好美啊！”因为任何词藻都不足以诠释她的美，也拍不出她的美，只有身临其境，才能真真切切的看的到，感受的到。不过我更期待秋天多彩的九寨沟，有期待才有下一次[呲牙]。下次还会选择这个藏王传奇的行程，吃的好，住的好，还玩的开心。谢谢贴心的龙荣导游，全程服务贴心，从你的解说中学习，了解关于羌族，藏族，阿坝州的历史知识，跟着你长知识啦！好评！,2017-07-11,q***6
292,2021-06-24 08:43:44,866245936,我们是11号家庭13号从成都出发四天三晚九寨沟黄龙之行。领队的导游宋导人美歌甜长得帅。行程安排合理，很轻松也不累不赶。九寨沟风景真的是值得去绝对对得起门票价格。不愧是人间仙境，总之这个行程很开心不枉此行。,2017-07-13,f***o
291,2021-06-24 08:43:41,866245936,玩得非常愉快,2017-07-16,m***5
290,2021-06-24 08:43:39,1719456371,总体来说，不错，各项安排都比较合理,2017-07-18,中***z
217,2021-06-23 16:51:53,297745130,很不错的套餐，真正的无购物团，团餐也不错。导游小莫的服务很好，热心周到，孩子玩的很开心。,2017-07-31,p***4
289,2021-06-24 08:43:17,866245936,王丽姐导游性格爽朗，大方。行程安排很好，没有传说中那么忙那么紧凑，那么累。吃住方面的话华龙宾馆稍次，后面的酒店好一些，很漂亮很舒适。其实很划算很高兴的一次行程。藏族银饰醉的我心～回去会试试藏族刮痧方法，吃吃天麻。,2017-07-31,d***8
288,2021-06-24 08:43:15,683161885,我們是8月4日出团的1号家庭，此团品质高，住宿全是五星級酒店，团餐食品新鲜、美味可口，份量十足，林导专业素质高，热情领团，服务一流。师傅驾驶技术娴熟。非常滿意！,2017-08-04,v***l
216,2021-06-23 16:51:49,297745130,全家都对这次出行十分满意！首先说下导游小张，很负责丶很耐心丶做事细致的一个姑娘，大热天跑来跑去，虽然是她的工作，但她很用心。再说说这次旅行，一家三口，选在了周五出行，避开人多。忘了说最重要的一句话了，确确实实是没有旅行者最怕的购物介绍，全程都没有购物之类的暗示，这点是很满意的。纯玩和体力好的朋友可以选择他们，错开节假日，选择气候凉爽的时候去，就更加完美了。,2017-08-23,t***0
215,2021-06-23 16:51:47,297745130,峨眉山是四川的著名风景区，所以到成都第一站就是来这。峨眉山景区门票185元，还有观光车等等，自己去好象太贵，还是跟团游便宜很多，旅行社服务很好，导游讲解很详细，感觉关于佛教学到了不少哦。五星好评。,2017-08-24,h***2
207,2021-06-23 16:50:50,1966296657,出来旅游遇到徐导真的很好，每次细心给大家讲解。不像有的旅游团一个旅行换两三个导游，徐导真心的谢谢你，这次旅行很满意。,2017-09-02,w***3
214,2021-06-23 16:51:45,1966296657,因九寨沟景区因地震暂时关闭无法前往，于是精挑细选了这个峨眉山乐山二日游，在姜导全程细致讲解和耐心陪同下，行程总体感觉非常好！两日游可以覆盖峨眉山和金顶，运动量适中，姜导对时间的安排也很合理。峨眉山景区，美，但仅用山水如画形容是不够的，金顶缆车搭乘前后的阴天小雨和艳阳高照，几分钟之间领略穿越之感，绝对值得拥有，此外，还有可欲不可求的佛光，神出鬼没的野猴，见与不见同样乐趣无穷！,2017-09-02,h***2
209,2021-06-23 16:51:14,1966296657,出发之前，一直在咨询客服各种问题，非常感谢客服，耐心的回答我的任何问题.总之很满意，如果再去玩，我还选择你们家。,2017-09-03,g***5
202,2021-06-23 16:50:19,1966296657,"下了订单以后，客服很及时跟我们沟通，对于我们这样的外地人能够从衣食住行各个方面考虑，很是感谢其次，导游在下单以后第一时间跟我们联系，第二天我们几个人也玩的很好，董**讲解到位，帮我们照相,满分满分！！",2017-09-04,r***2
213,2021-06-23 16:51:43,1966296657,本次行程感觉挺好，团员跟导游小叶都人很好，整个行程没有进任何购物店，而且运气很好一上山就遇到了好几只猴子而且上了金顶还看见云海据说前一天还是大雨天，导游也很热情很勤快点赞住的酒店感觉都挺好的，下次九寨沟开放后再来到时再选这家旅行社哈～,2017-09-04,x***0
212,2021-06-23 16:51:41,1966296657,很好，玩的非常开心！峨眉山上山路上的腊肉香肠很好吃噢，10块钱一根，不要错过,2017-09-05,j***7
211,2021-06-23 16:51:39,297745130,我们是2号家庭，小黎导游带的团。整个行程安排的很好，错了高峰，不会太赶，小黎导游很细心，还在回程的路上给我们讲了很多在成都游玩的建议。峨眉山很漂亮，水非常清澈，山重叠着山，树重叠着树，，没到猴区也近距离看到了猴子，非常开心。团餐还不错，一定要拿羽绒服，山顶大概7度到10度左右。没拿的可以租大衣，30一件。,2017-09-09,d***6
210,2021-06-23 16:51:17,297745130,整个行程还是比较舒适的，不赶。今天我主要评价一下导游小刘，小伙子非常热情，而且也很心细，对团里的每个人都非常照顾，这是我这么多年旅游碰到的最好的一位导游。,2017-09-11,f***9
199,2021-06-23 16:50:13,1966296657,峨眉山必去景点：生态猴区、金顶、万年寺、清音阁-一线天，不虚此行，万年寺，峨眉山是四大佛教名山，普贤菩萨在此驻足，而万年寺就是普贤道场。大佛太壮阔了，非常满意！我们旅行社确实是高级、专业的典范。值得推荐,2017-09-12,p***4
203,2021-06-23 16:50:21,297745130,两位导游都非常认真负责，讲解亲切，态度和蔼，一路陪伴，服务周到，老人家非常满意！,2017-09-12,x***0
208,2021-06-23 16:51:12,297745130,出行的时候看天气预报都是雨天，但只要我们在游玩景点的时候天气就转好了，一上车就下雨了，而且也遇到了猴群，导游态度还是不错的，讲解也很到位，但只要心里明白他们是出来挣钱的就好，两天还是挺开心的，留下了难忘的回忆~,2017-09-14,k***3
201,2021-06-23 16:50:17,1966296657,很不错的跟团游，真正无购物没进任何购物店。导游小靳工作认真负责，细心周到，每到一处的景点讲解、安全提示、注意事项都讲到位。司机师傅也很辛苦，又开车又搬运行李。峨眉山金顶很漂亮！乐山大佛很震撼！还品尝了跷脚牛肉，半山上的住宿也算不错的！满意！,2017-09-21,j***1
206,2021-06-23 16:50:48,629371833,非常适合周末来旅游度假，这个路线安排的不辛苦，很轻松，导游安排的时间很充足，可以静下心慢慢玩，慢慢拍照，没有购物，真的没有购物，自费就一个晚会， 也没强制我们，导游纳姆真的很不错，把我们安排的紧紧有条，住宿的地方能保证干净卫生。这次选择还是挺不错的，很满意的一次旅行。,2017-10-08,e***c
205,2021-06-23 16:50:46,629371833,两天纯玩的行程，成都出发，顺利到达。景色很美，心情很好，靠谱的旅行社。,2017-10-09,K***m
204,2021-06-23 16:50:44,629371833,纯玩行程，也不是很累，幸运，没有高反，准备的药没派上用场。导游和司机都很好。四川旅游做的很好哦。,2017-10-10,M***3
200,2021-06-23 16:50:15,629371833,很不错的一次旅行，四姑娘山的景色很原始，其实比那些名气很大的景点更有特色些。住在四姑娘山镇上，条件在当地还不错的，晚上参加了导游推荐的烤羊晚会，很有藏族特色，载歌载舞。,2017-10-23,s***Q
198,2021-06-23 16:50:11,629371833,现在到四姑娘山简直太方便了，隧道修好了。天空晴朗，随手一拍都是明信片，2日游，我的行程安排也刚刚好，团队安排也可以，下次还来,2017-10-27,a***2
197,2021-06-23 16:50:09,629371833,导游人很好，景点风景也很美,2018-02-20,w***2
196,2021-06-23 16:50:07,629371833,玩得非常愉快,2018-02-23,A***o
195,2021-06-23 16:50:04,629371833,景色优美，住宿吃的都不错,2018-03-23,a***4
192,2021-06-23 16:49:38,629371833,蓝天白云，令人心旷神怡，吃住都很舒服，出行就是得舒舒服服，高高兴兴，不急不缓,2018-03-27,r***6
190,2021-06-23 16:49:33,629371833,如果想看到长坪沟最美的景色，强烈建议在抵达栈道尽头时骑马至木骡子（步行的话可以体验高山徒步的乐趣，但过后会腿疼到想死）！…最后一定要记得涂防晒霜，哪怕在下暴风雪…,2018-04-02,d***8
194,2021-06-23 16:50:02,629371833,黄导人超好的。吃的都不错特别是藏餐非常推荐。,2018-04-03,x***8
189,2021-06-23 16:49:31,629371833,景色非常美！逛了两个沟：长坪沟、双桥沟，下雪了很美！友情提示：高原天气多变，一会儿下雪就会很冷，一会儿出太阳穿多了就会热！,2018-04-04,t***3
191,2021-06-23 16:49:36,629371833,导游很温柔，声音甜甜的，说话也很趣逗的车上的人哈哈大笑，行程安排的很仔细，可惜我有点晕车错过了沿途的美景、、、,2018-04-05,t***3
193,2021-06-23 16:49:40,629371833,运气挺好的，看见了下雪,2018-04-13,w***2
188,2021-06-23 16:49:29,629371833,完美的一次旅行，给自己在成都一次最完美的结尾。一是雪天，雾天，晴天都经历了，虽然北方人都雪景习惯了，但是漫山遍野的雪倒是第一次见呦；二是自己半马的能力得到体现，走到长坪沟深处，看到了绝大多数人未看到的风景；三是导游康珠很棒，负责任也热情，喝唱的好；四是遇到了大学生管我叫大叔，好吧，搞笑的会玩的大叔我认领了。总之完美之旅，大家来吧！,2018-05-17,g***6
187,2021-06-23 16:49:27,629371833,高考大军四姑娘山打卡！！！考试一结束就和同学来四姑娘山撒野，超级好玩儿^_^,2018-06-17,h***2
186,2021-06-23 16:49:25,629371833,这个行程计划还不错，长坪沟三小时徒步有点累，双桥沟坐车的时间多，风景还可以，3日游，周边来说 性价比还是比较高的,2018-06-21,r***6
185,2021-06-23 16:49:23,629371833,此次行程还是挺不错的，第一次去海拔高的地方的人有些不适应，酒店住宿这方面比较不错，酒店干净卫生,2018-08-10,b***5
184,2021-06-23 16:49:21,629371833,玩得非常愉快,2018-08-17,t***1
183,2021-06-23 16:48:58,629371833,这次旅行十分愉快，风景美，导游卓玛姐也很负责，不虚此行,2018-09-02,d***8
111,2021-06-23 16:25:08,590739693,行程安排合理，导游认真负责，整个行程非常愉快,2018-09-10,a***8
115,2021-06-23 16:25:37,590739693,整个行程纯玩无购物，司机师傅和导游既辛苦又热情贴心，我们一行三人很满意。,2018-09-10,b***8
182,2021-06-23 16:48:56,629371833,深度游，非常值得，秋高气爽，风景优美，值得来。   导游服务不错，店家很赞，全程无购物！                         友情提醒，当心高反,2018-09-14,柠***妖
114,2021-06-23 16:25:14,590739693,行程安排很好，导游很尽心，讲解很到位，吃住很好。很满意。,2018-09-15,h***3
113,2021-06-23 16:25:12,590739693,服务态度很好，一路上的解说也很详细，从她的身上我们感受到了成都**的热情，食之放心，游之舒心，感谢**姐这两天的服务。,2018-09-17,w***8
180,2021-06-23 16:48:52,629371833,挺满意的，就是酒店没得热水,2018-09-22,y***1
181,2021-06-23 16:48:54,629371833,风景还可以，就是超级累，要走超级多的路,2018-09-22,小***汐
112,2021-06-23 16:25:10,590739693,美食、美景，佛系导游李芳，两天的行程安排比较合理，玩起来也不累，比较满意。,2018-09-24,b***5
179,2021-06-23 16:48:50,629371833,玩得非常愉快,2018-09-25,r***3
178,2021-06-23 16:48:48,629371833,各方面都挺好的，导游也讲了自身的经历，我觉得出来玩的人，各方面要求不要太高，四姑娘山的风景很美丽，天气更是变化莫测，很有意思。,2018-09-30,天***雨
177,2021-06-23 16:48:46,629371833,玩得非常愉快,2018-10-01,s***8
176,2021-06-23 16:48:44,629371833,导游认真负责，行程安排合理，很满意的一次旅行！,2018-10-04,h***8
175,2021-06-23 16:48:42,629371833,玩得不错！,2018-10-06,a***4
174,2021-06-23 16:48:40,629371833,整体安排很满意，想看的景色都看到了，团餐一般，还好客服有提前提醒，带了很多零食，甘孜阿坝这些地方条件有限，也能理解，晚上有点冷，室温也不高，建议不要洗澡，真的容易感冒，我就遭了，后面一直有点不舒服，有点晕车难受，导游很贴心的帮忙沟通协调，换了个前面的位置，也谢谢愿意跟我换座位的小哥哥，大家都超好的，相处的很愉快，满意！,2018-10-24,w***8
173,2021-06-23 16:48:17,629371833,导游很好 散团还准备了贴心的小礼物 第一次和好姐妹出来玩 也算是没有遗憾的一次旅游  很棒,2018-11-02,y***5
172,2021-06-23 16:48:15,629371833,3日游旅程安排比较合理，游玩时间比较充裕，小樊导游很热情 ，风景美美哒，整体上还是比较满意的,2018-11-24,g***6
232,2021-06-23 17:03:09,3622117111,这是我第一次来到色达这里，虽然很冷，但是玩得开心，不枉此行，导游王加服务态度非常好，很用心的为大家讲解一些民族文化知识，还有司机陈师傅为我们开了十几个小时的车，很是辛苦，感谢，感恩！,2018-11-24,e***8
438,2021-06-24 09:15:43,933834933,我们导游是个大**。叫乔治。人好善解人意讲解也是没得说。我们都说下次来成都还会找她。都青一枝花。多次提醒我们注意安全。对每一位游客都很负责。运气真不错。天气也好。是不是我们人品爆发了，哈哈。都江堰风景区真是太神奇了。古人聪明才智令人敬佩。餐厅美食味道很不错啊，也是一个惊喜。没想到四川旅游做的这么好。景区内很大。坐了小交通方便多了。风景来说玉垒阁是最好的。而道家文化还是上清宫慈云阁香火旺盛。我们的很有心，接车都很顺利，提前一天联系我们，行程上也尽量节省了体力。有配上好导游。比购物团舒服太多。没有可比性。看到乔治那么辛苦还在不停提醒我们团上孩子的安全。我都感动了。这才是优秀导游。而且他们家还会有特色服务，明年会有很多视频上线。看来明年应该带朋友再来。美食，美景，**，这就是我们不一样的都青之旅。,2018-12-18,f***0
441,2021-06-24 09:15:49,933834933,去哪儿网导游推荐的团 很不错 导游陈静很负责 一路都在讲解 很详细 赶上下雨大雾 还是别有一番风味的 团餐很不错 推荐推荐,2018-12-20,m***7
169,2021-06-23 16:48:09,629371833,双桥沟的枯树很漂亮，3天游还是很满意的，导游态度好,2018-12-26,n***4
439,2021-06-24 09:15:45,933834933,今天的安排非常不错，特别是对于我们带小孩的，从头到尾一直关心我们有什么问题，以后我们来成都也会参加团长的团,2018-12-26,s***n
440,2021-06-24 09:15:47,933834933,接车很准时，7点50准时就在酒店等，小巴也很棒，导游很耐心，笑容也好，总之很开心的一天，很难忘的一次出行。,2018-12-26,m***2
170,2021-06-23 16:48:11,629371833,景色还不错，就是条件很艰苦，我自己想看的日出和云海和旅行社安排有冲突，总体还不错,2018-12-30,心***笑
171,2021-06-23 16:48:13,629371833,哈哈哈哈团餐和住宿都还是可以理解了，导游很好呐，行程安排也不错，四姑娘山美景还是很值得的,2018-12-30,风***殇
24,2021-06-23 15:44:52,1642364788,玩得非常愉快,2019-01-05,六***花
231,2021-06-23 17:03:05,3622117111,玩得非常愉快,2019-01-07,d***i
168,2021-06-23 16:48:07,629371833,冬季的四姑娘山一样很漂亮，跟妈妈一起出行的，她很开心，导游赞一个,2019-01-15,g***6
166,2021-06-23 16:48:02,629371833,"很满意的一次旅行 风景很美  导游很好 吃的也不错 坐车有点累 总的来说还是很值的 有朋友要去的话 会推荐的
",2019-01-16,u***4
230,2021-06-23 17:03:03,3622117111,色达一个来了就不会后悔的地方，眼睛所见都是大气恢弘的褚红色，这次到色达运气很好，天气十分给力，感觉扬起的灰尘都镀上了金光，所有的一切都变的神圣又大气，心有千千结也解了大半。,2019-01-16,u***4
165,2021-06-23 16:48:00,629371833,四姑娘山很好，行程安排合理，游览时间比较充足~导游姐姐很热情可爱~唱歌好听,2019-01-22,f***9
23,2021-06-23 15:44:50,1642364788,很值得，划算。导游不啰嗦，没废话，很自由，但是又很负责。明珠花园酒店和市里三星标准差不多，还有电热毯，可以可以,2019-01-23,小***行
167,2021-06-23 16:48:04,629371833,肖导讲解到位，很体帖，虽然有点累，但一家玩得很开心。四姑娘山之旅，印象深刻！,2019-01-24,b***9
161,2021-06-23 16:47:32,629371833,旅游一直都是选择的去哪网上面预订的非常的方便，还有服务也挺满意。玩的开心哦！！哈哈哈,2019-01-25,m***5
22,2021-06-23 15:44:48,1642364788,风景很美，导游人很好很热情，这次时间太短，期待下次再来,2019-01-26,l***8
21,2021-06-23 15:44:46,3593718852,本次旅程很满意，董导很专业，很有亲和力，中午的团餐吃的也很棒，很不错的体验！下次有机会还会再来体验！,2019-01-30,A***A
229,2021-06-23 17:02:40,3622117111,风景很好，还看到雪了，银措娜姆和钟师傅很负责，行程安排的很好，纯玩之旅，虽然路途遥远，但是值得一去，不虚此行。报团比自己去省钱省力，五星好评。,2019-02-01,h***3
164,2021-06-23 16:47:58,629371833,这次旅途非常开心，下单后就有客服联系，有什么问题也回复的很快，导游讲解风趣幽默，刘师开车很稳，在车上的时间非常欢乐，景色也很不错，川西的冬天真的很美，在车上都是好风景。餐有点吃不习惯，但是少数民族地区能够理解，住宿不能跟大城市相比但也干净整洁。景区游玩的时间也很足够，非常感谢小王给我一个愉悦的假期。,2019-02-02,b***9
227,2021-06-23 17:02:36,3622117111,"色达感觉是必须要去的一个地方，非常感谢导游的一路费力讲解，让我和来自四面八方的朋友懂得了高反以后的注意事项，虽说现在头还事晕的但还是感谢！
",2019-02-03,q***0
226,2021-06-23 17:02:34,3622117111,非常满意的色达旅游,2019-02-04,f***2
225,2021-06-23 17:02:32,3622117111,几年前就想走一趟色达，趁着假期约上在网上报了团。4天的行程安排的很满，虽然很辛苦，但也很愉快。看到了向往很久的佛学院，感受了**。很开心遇到了热情活泼的导游卓玛姐姐和司机杨师傅，就像朋友一样照顾我们每个人，介绍每个景点，把很多当地的习俗、忌讳都给我们讲清楚了，带着我们完成了这次的朝圣之旅。感性的卓玛姐姐一路给我们分享了很多故事，也给我们说了很多人生道理。希望下次能再次遇见 愿路上遇到的每个朋友 平安喜乐。,2019-02-05,a***1
224,2021-06-23 17:02:30,3622117111,虽然路途遥远，但是司机师傅车技不错，开的很稳。导游小哥阿杰人很幽默，忙前忙后的还关心大家有没有高反，真的很负责，相处的很愉快。虽然色达这边条件确实不像城市里那么好，但是给我们安排的住宿个人觉得还可以，一生真的得来一次色达，美是一方面，信仰也是一方面。当地那种豁达虔诚的的感觉真的令人叹服，特别是，舍身布施，轮回往复。,2019-02-06,m***9
162,2021-06-23 16:47:34,629371833,出行的几天天气好，很美丽，价格也很值，导游好有爱，司机师傅人也好，很能聊天，一路上挺开心,2019-02-07,k***3
223,2021-06-23 17:02:28,3622117111,初到色达，映入眼帘的便是群山环绕的红，其次便是色达蔚蓝的天空中微飘的雪花。言语描述远不及眼界所及。其次，在色达有两种美，一是群山环绕的红色视觉美，二是僧人们念经修行得听觉美。更是因为红色的外表下透露着人们的虔诚美为色达蒙上了一层庄严而神秘的色彩。色达之旅，欢迎你前来为灵魂做一次圣洁的洗涤。,2019-02-07,k***3
163,2021-06-23 16:47:36,629371833,3天的团 性价比还是很高的，带父母出行，都很满意,2019-02-08,n***4
228,2021-06-23 17:02:38,3622117111,虽旅途遥远，但是风景大美，色达之旅值得。导游脾气好，负责！！！,2019-02-08,n***4
18,2021-06-23 15:44:39,1642364788,玩得非常愉快,2019-02-10,i***3
19,2021-06-23 15:44:41,1642364788,玩得非常愉快,2019-02-11,p***9
20,2021-06-23 15:44:43,1642364788,玩得非常愉快,2019-02-11,潘***虹
437,2021-06-24 09:15:41,933834933,一上车，感觉车上卫生好干净，到了都江堰，导游带我们去景点，避开了高峰，从上往下，一点都不累，导游讲得很详细，中午吃得也不错，下午去了青城山，我以为会很累，但是不累，自己感觉这次登山，很轻松。很愉快的一次出行。,2019-02-11,a***3
436,2021-06-24 09:15:39,933834933,整体行程安排合理，团餐也很好，小徐导游非常好，可爱萌萌哒，司机师傅也很认真负责，车内环境干净卫生，总的来说非常满意,2019-02-13,潇***7
17,2021-06-23 15:44:35,1642364788,除了酒店其他都好,2019-02-17,y***3
16,2021-06-23 15:44:23,1642364788,不错，可惜天公不作美，不然就完美了。,2019-02-23,t***4
160,2021-06-23 16:47:29,629371833,四姑娘山海拔有点高，想要来玩的可以选择春夏秋三季。景色应该是很美的。另外，这次跟团的导游杨丹丹大**年轻有幽默活力，而且心细有亲和力，3天的行程把我们照顾的很好。旅行社要给丹丹导加奖金哦～,2019-02-27,s***2
159,2021-06-23 16:47:27,629371833,这个16人团的第一印象很好，让人晚上忍不住就好评了。接机的司机超级nice，帮我们搬行李，一口流利的普通话完全区别于四川家乡话。把我们送到酒店后，我们想去吃火锅还给我们说了最近的商场在哪里，小吃街在哪里，贴心贴心贴心呢，好评稳了。,2019-03-05,h***4
158,2021-06-23 16:47:25,629371833,四姑娘山景色太美了，值得一去。三月份去还是要带点厚衣服，中午出太阳，早晚温差差异有点大。带我们的杨导特别贴心，一路上把我们安排得很好，玩得很开心，真的要感谢她！,2019-03-12,l***7
435,2021-06-24 09:15:14,933834933,行程安排很满，各种小交通工具，餐饮也还OK，一整天挺充实。,2019-04-18,x***0
434,2021-06-24 09:15:12,933834933,这次都江堰-青城山一日游非常好，一早专车接到大巴上车点，准时发车，然后由导游小熊介绍一天的行程及时间点。全天玩下来，除了在车上的时间，其他基本都在景区游玩，小熊也全程给大家精心讲解，让我对都江堰从一无所知到叹为观止。如果没有导游小熊，完全不会对都江堰和青城山有这么深入的了解。全程没有推销，只有小熊的良心推荐～点赞！,2019-04-21,p***0
154,2021-06-23 16:45:14,1678318095,本次黄龙旅游景点线路安排的还是非常合理．景点很美．藏家也非常的热情．途中的风景也非常迷人．本次旅行我们的大巴司机师傅开车相当的稳．坐他的车非常的安心．导游小张非常不错．全程耐心讲解．陪同．总之这次出游非常开心．,2019-04-25,c***3
153,2021-06-23 16:45:10,1678318095,很满意的一次旅行，孩子都玩美了，服务态度超好，性价比很高 ，有需要的推荐哦,2019-04-27,p***8
157,2021-06-23 16:47:23,629371833,玩得非常愉快,2019-04-29,r***2
433,2021-06-24 09:15:10,933834933,玩得非常愉快,2019-04-29,爱***多
103,2021-06-23 16:24:29,590739693,感谢刘导的细心聪慧的安排省了很多时间很多事情 完美避开最拥挤的时间 景色很美 大巴车很舒适 行程安排非常合理 完美五星,2019-05-01,y***7
106,2021-06-23 16:24:55,590739693,非常满意，导游阿露服务非常好，讲解详细，让我们体验了一次很快乐的旅程！,2019-05-01,l***4
109,2021-06-23 16:25:02,590739693,五一黄金周游客较多，排队时间较长，导游在综合大家的意愿后，尽力协调，让大家按质按量完成了行程，而且食宿都安排得当～全程最大的惊喜是小方导游的讲解！小方导游深入浅出的讲解，让整个旅程收获满满，不同寻常，强烈推荐大家体验一下！,2019-05-01,r***7
110,2021-06-23 16:25:04,590739693,体验很棒，值得一去，最好早早出发，推荐！,2019-05-01,w***5
827,2021-06-24 10:34:34,590739693,这次跟团游 特别开心，多谢导游阿伟哥细心的讲解，我们在休闲旅游之余还能了解很多知识，五星好评,2019-05-01,d***5
828,2021-06-24 10:35:04,590739693,ོོོ首先要谢谢我们可爱又贴心的彭导几天里这么辛苦的带着我们一行人开心又兴奋的游玩满满几天，耐心的讲解！在这里给小彭老师点个赞_还有负责我们行程的司机师傅辛苦了！特别感谢您们让我们又这样一个难忘的跟团游！太嗨了，啦 啦 啦！,2019-05-01,n***4
104,2021-06-23 16:24:31,590739693,"全程不用自己操心，跟着导游走就行，所有都安排的特别周到，重点是导游素质好，对大家热情，玩的很开心！以后会推荐朋友也选择你们的哦

",2019-05-02,e***8
105,2021-06-23 16:24:33,590739693,路线安排的很好，一路玩的很愉快，方便多了，很有特色，首选推荐推荐。,2019-05-02,s***8
108,2021-06-23 16:24:59,590739693,感谢刘导两天一夜的安排，安排很周到，景色很美哦，刘导人很好，讲的很详细，很圆满的两天一夜，毕棚沟景色超级美。,2019-05-02,o***6
101,2021-06-23 16:24:22,590739693,"一场说走就走的旅行，一群人与人最淳朴的交流，拓宽了自己的视野，非常开心，非常满意。

",2019-05-03,w***6
102,2021-06-23 16:24:24,590739693,第一次跟团游，感觉很好!小林导游耐心的讲解大家都很满意，他的工作态度我们都很认可!希望下次再见到林导哟!行程路线景色也刚刚好…真的不虚此行。,2019-05-03,e***5
107,2021-06-23 16:24:57,590739693,"出去玩一圈，神清气爽，烦恼一下都跑掉了！适当的旅游就可以释放自己！有时间一定要经常出去走走

",2019-05-03,v***8
98,2021-06-23 16:24:16,590739693,"两天的行程安排得很充实，有机会真的需要多体验一下自然风光，空气清新，景色优美。

",2019-05-04,s***0
99,2021-06-23 16:24:18,590739693,"这次旅行很满意，景点风景太棒期待下次再来，导游事先对目的地进行详细说明，行程明确。
",2019-05-04,l***7
100,2021-06-23 16:24:20,590739693,"司机师傅开车很稳，很守时，这次旅行很满意，下次有机会还来！

",2019-05-04,m***5
62,2021-06-23 16:21:38,590739693,很满意的一次旅行，风景很美，司机师傅开车也很稳当，一路上都没有晕车，很不错，导游也尽心尽责的帮我们安排行程，十分满意~,2019-05-05,t***2
95,2021-06-23 16:23:49,590739693,"很满意这次行程 导游人很好 安排的很到位 旅行十分充实 没有白来一趟

",2019-05-05,b***0
97,2021-06-23 16:24:14,590739693,"此次旅行特别满意，导游人美心善，整个环节做得很体贴，这里的风景也特别美，这次来得比较值得。

",2019-05-05,c***0
93,2021-06-23 16:23:45,590739693,"很开心的一次旅行，尚导安排的很好很合理，而且也很热心，风景也美到**，推荐大家来哟。

",2019-05-06,s***2
94,2021-06-23 16:23:47,590739693,"整个行程还算满意，沿途风景不错导游也是服务很到位的。值得推荐。

",2019-05-06,y***3
96,2021-06-23 16:23:51,590739693,"导游态度非常好，这个很满意，景色很好安排的也很到位，非常开心的一次旅行。

",2019-05-06,j***3
90,2021-06-23 16:23:39,590739693,"导游一路非常的尽职尽责，行程安排的也非常的合理，很愉快的一次出行，期待下次出行。

",2019-05-07,n***9
91,2021-06-23 16:23:41,590739693,景色不错，整个行程都很满意，导游给我们带来了很多欢乐，第一次遇到这么细致的 导游，感谢。,2019-05-07,h***3
92,2021-06-23 16:23:43,590739693,"行程安排合理，服务态度很好，风景不错，是选择旅游的好地方。

",2019-05-07,c***1
65,2021-06-23 16:21:44,590739693,风景很好，拍照很好看，夏天是很美好的季节，暖暖的风吹着很舒服，司机师傅和导游都很敬业负责，一路上气氛很好，玩的很开心~ 给十分！,2019-05-08,g***9
88,2021-06-23 16:23:34,590739693,"行程安排的非常合理，导游也特别专业细心，风景优美，令人心旷神怡，一次非常满意的出行。
",2019-05-08,f***5
89,2021-06-23 16:23:36,590739693,"这次旅行很满意，导游很细心到位，安排很合理，讲解很清晰，并且能细心的帮助我们解决问题，脾气好，态度好。

",2019-05-08,b***8
85,2021-06-23 16:23:07,590739693,"这个两日游线路安排得很合理，跟团玩，自己也不用操心，很满意。景色很美，空气也不错，五月份选择来这里，气温刚刚，很开心的一次旅途。
",2019-05-09,g***4
86,2021-06-23 16:23:09,590739693,"玩的很开心，行程安排的很好，景点都很美，导游讲解的也很细心，满意。

",2019-05-09,f***1
87,2021-06-23 16:23:32,590739693,"很开心的游玩，都是之前一直想去的，行程安排的也很合理，非常满意
",2019-05-09,o***7
431,2021-06-24 09:15:06,933834933,行程时间安排很好，一点也不赶，早上这个时间出发也挺好的。罗导人很好，很有耐心，也很热情，感谢！,2019-05-09,v***0
432,2021-06-24 09:15:08,933834933,"小吴是一位出色的导游,语言流畅,景物介绍得清楚。以后有机会还希望加入她的团队！",2019-05-09,海***
80,2021-06-23 16:22:57,590739693,"整个行程安排的很紧凑，游览效果很好，天气很给力，导游小姑娘讲解很不错，讲解很到位，风趣幽默！

",2019-05-10,n***3
82,2021-06-23 16:23:01,590739693,"行程安排合理，玩下来很轻松。特别是导游赵导服务热情，周到。非常满意。
",2019-05-10,g***5
84,2021-06-23 16:23:05,590739693,"第一次网上订旅游项目。整体感觉还不错，导游尽职尽责，司机也专业娴熟！
",2019-05-10,n***3
77,2021-06-23 16:22:50,590739693,"两天的行程安排得很充实，有机会真的需要多体验一下自然风光，空气清新，景色优美。

",2019-05-11,s***1
78,2021-06-23 16:22:52,590739693,"导游挺好的，景色挺美的，全程很轻松，完全不拥挤。

",2019-05-11,w***5
79,2021-06-23 16:22:55,590739693,"性价比超级高！很满意！客服服务态度也非常好！赞！好评点名表扬小刘导游。

",2019-05-11,y***7
81,2021-06-23 16:22:59,590739693,"非常好，比自己一个人转要省力很多，导游讲解也很到位，服务很好很细心。
",2019-05-11,n***4
83,2021-06-23 16:23:03,590739693,"服务态度很好，风景不错，是选择旅游的好地方。

",2019-05-11,g***8
74,2021-06-23 16:22:24,590739693,"线路安排的很不错，整个过程很充实，服务的很到位，超出自己的预期，景色也很棒。
",2019-05-12,q***6
76,2021-06-23 16:22:28,590739693,"景色很美，游玩很充实，两天导游服务都很好，热情介绍景点，价格实惠值得一游。
",2019-05-12,l***1
73,2021-06-23 16:22:22,590739693,"导游很专业，服务非常到位，景区风景也美丽，一次不错的报团出行，值得拥有！

",2019-05-13,w***5
75,2021-06-23 16:22:26,590739693,"行程很好，风景优美，值得来一次，线路设计蛮好，总之是一次愉快的旅行。
",2019-05-13,z***0
71,2021-06-23 16:22:17,590739693,两天玩的很开心，设计的路线也很合理，价格也比较实惠。,2019-05-14,d***9
72,2021-06-23 16:22:19,590739693,今天玩的挺充实的，行程安排合理，当地特色都有涉及到。,2019-05-14,l***5
69,2021-06-23 16:22:13,590739693,"行程安排比较好 景色非常漂亮 导游一路介绍非常好 总体来说旅行非常开心..

",2019-05-15,f***7
70,2021-06-23 16:22:15,590739693,"行程安排得特别合理，导游也是服务的，很到位。很热情的向我们介绍了当地的风情。
",2019-05-15,q***7
67,2021-06-23 16:22:09,590739693,"景色非常漂亮 很值得一去 导游非常耐心细心 会推荐朋友去的~
",2019-05-16,h***4
68,2021-06-23 16:22:11,590739693,"服务态度很好，讲解的很清楚很棒，值得的一次出行，风景不错很满意。
",2019-05-16,d***9
63,2021-06-23 16:21:40,590739693,"非常有意义的一次旅行，行程中尚导非常nice，行程安排合理，这次运气也比较好，蓝天白云。
",2019-05-17,g***4
66,2021-06-23 16:21:46,590739693,"行程真心的很棒，安排的也很合理，总之性价比真心的很高
",2019-05-17,t***6
58,2021-06-23 16:21:30,590739693,"此次旅行非常开心，司机师傅开车非常稳，服务态度好，导游也很好，讲解的非常详细，超级赞，好评。

",2019-05-18,m***4
64,2021-06-23 16:21:42,590739693,"短暂的旅行，导游很贴。 天气很好，当地居民很热情。 好评好评

",2019-05-18,q***4
429,2021-06-24 09:15:02,933834933,小熊导游全程讲解，领着我们一起爬山，边走边讲很辛苦，我们很感动，玩的也很开心，讲解很到位，吴师傅开车非常稳，服务很到位，不错的一天。,2019-05-18,温***光
430,2021-06-24 09:15:04,933834933,小熊导游服务很好，讲解非常细致专业耐心 ，合理安排出行时间、线路。司机吴师傅也十分负责。,2019-05-18,v***1
57,2021-06-23 16:21:27,590739693,"跟团体验不错，景点游览时间安排合理，期待下一次出行。
",2019-05-19,i***8
61,2021-06-23 16:21:36,590739693,"值得一来，刘导把行程安排的很妥帖，完全不用操心，推荐！！

",2019-05-19,n***0
59,2021-06-23 16:21:32,590739693,"行程安排很满意，景色宜人，司机师傅开车很稳，整体行程安排很细致。
",2019-05-20,y***8
60,2021-06-23 16:21:34,590739693,"风景优美，很美的自然风光，性价比也不错

",2019-05-20,u***9
55,2021-06-23 16:21:03,590739693,"导游**姐讲解的非常仔细，来到了网红打卡景点毕棚沟，空气好，风景美，体验到了大自然赋予的气息。

",2019-05-21,c***3
56,2021-06-23 16:21:05,590739693,"两天行程安排很合适，适合出去轻松玩一玩，泡泡温泉，散散步。
",2019-05-21,e***0
53,2021-06-23 16:20:59,590739693,整个团的氛围特别好，行程旅途很融洽，吃住都很满意，行程安排的也不错。,2019-05-22,n***9
54,2021-06-23 16:21:01,590739693,"这次出游挺开心的，导游特别的有耐心。行程安排的也很好，挺满意的一次小旅行。

",2019-05-22,e***6
52,2021-06-23 16:20:57,590739693,"这个两日游线路安排得当，景色很美，空气也不错，五月份选择来这里，气温适宜，很开心的一次旅途！

",2019-05-23,g***6
428,2021-06-24 09:15:00,933834933,小秦导游 服务很好，很热情！知识渊博，有问必答！还讲的很专业，耐心也很好。午餐也比较丰盛！总之比较满意。,2019-05-25,j***1
426,2021-06-24 09:14:36,933834933,愉快的一天，导游小吴工作认真负责，出发前多次短信确认，上午去往都江堰的路上，一直在做讲解。都江堰景区游览线路安排的很合理。都江堰确实是千古受益的伟大工程，李冰治水功在当代，利在千秋！非常值得去游览。下午的青城山景区，风景优美，就是商业化太浓，与影视剧中道士远离尘世，仙风道骨隐于山水之前的清修场地相距甚远。黄瓜，西瓜，小吃，玩门具一路叫卖声，让登山步道从下而上，充满尘土气息。如果想静静登山，最好自驾，选择青城山附近住一晚，傍晚或者请晨去。,2019-06-03,x***9
427,2021-06-24 09:14:58,933834933,整体不错，安排合理紧凑，导游态度很好。,2019-06-03,r***8
15,2021-06-23 15:44:19,1642364788,很有意义的一次旅行，过程或许会很累但是结束的那一刻你会觉得倍感值得，沿途的壮丽景观是对你视觉上的冲击，高原徒步爬行去牛奶海也是对自己正值年轻时的挑战。同时也由衷的感谢:旅途中辛苦了司机大哥妥妥的护航、导游姐姐的贴心照顾、伴行团友们的热情与互助！,2019-06-10,h***0
423,2021-06-24 09:14:29,933834933,一天玩的很开心，秦瑶导游讲解的很到位，而且声音也很好听，人也好，细心，我们一家玩的很好，推荐！,2019-06-10,晶***6
424,2021-06-24 09:14:31,933834933,全程体验很好 导游服务很有耐心 好评,2019-06-10,y***3
425,2021-06-24 09:14:33,933834933,秦导游全程非常耐心讲解 介绍景点 全五星好评 有问必答 满意满意 满意,2019-06-10,q***7
422,2021-06-24 09:14:27,933834933,气候适宜，风景迷人，安排合理，导游人美声甜，非常推荐！,2019-06-15,f***8
14,2021-06-23 15:44:16,1642364788,"两条线，长线7小时，短线4小时。风景确实不错，很干净。团的270的票包括门票＋车票。之前看评论都说很坑，个人觉得还可以，票价有点小贵……好多人都穿的羽绒服，我觉得夸张了点，山上并不冷，长裤长袖足以。天气很不正常，一会下雨，一会晴的，不过并不影响心情。往牛奶湖走的那段，桥有断的，希望可以引起重视，早日修复。对了，山上的电瓶车是另外收费的，50块钱单程，这个很坑。上山四小时，点瓶车下山15分钟。附图几张，供参考。
",2019-06-22,L***o
156,2021-06-23 16:47:21,629371833,这个季节的四姑娘山 不修图 随便拍 天就是这么蓝 草就是这么绿 水就是这么清澈 玩的很开心 愉快的旅程,2019-06-24,f***9
421,2021-06-24 09:14:25,933834933,行程合理，导游胖哒服务周到热情，活泼开朗。,2019-06-27,e***4
420,2021-06-24 09:14:23,933834933,导游棒棒哒,2019-07-01,x***8
13,2021-06-23 15:44:14,1642364788,"1.解放碑-弹千石-朝天门-洪崖洞-好吃街
2.华生-李子坝-鹅岭二厂-枇杷园-九街壹华里
3.川美-磁器口-观音桥-南山一棵树-西街",2019-07-03,祝***風
419,2021-06-24 09:14:21,933834933,专车接送，很方便，时间安排合理，不用起很早，适合带孩子去。,2019-07-08,j***a
418,2021-06-24 09:14:19,933834933,**李导服务质量很好，人既热情业务也很娴熟，不论是旅游景点还是成都风情，总能给大家最满意的答案。17个人做了一辆大巴，很舒服，整个过程无购物，点赞！,2019-07-20,e***6